symbol,entry_date,exit_date,entry_price,exit_price,initial_stop,exit_stop,target,quantity,entry_cost,exit_proceeds,net_pnl,net_return_pct,planned_risk_rupees,net_r,fees,holding_sessions,reason,adds
TATAELXSI,2016-04-26,2016-04-28,890.7749133450003,837.2792961098824,837.6981451824736,837.6981451824736,,8,7136.888605720143,6668.18701732574,-468.7015883944023,-6.567309850103906,468.7015883944023,-1.0,40.73665051345859,3,stop,0
NATIONALUM,2017-03-06,2017-03-08,45.30335390144168,41.606512572163936,41.62732623528157,41.62732623528157,,125,5671.413616536731,5173.012850413212,-498.40076612351913,-8.787946001157104,498.4007661235199,-0.9999999999999986,36.29559996380105,3,stop,0
BIOCON,2017-01-09,2017-04-17,162.40642439701637,178.94509815309885,154.39517584313757,154.39517584313757,,55,8945.751871848655,9807.217427822807,861.4655559741514,9.62988431062003,490.994301017827,1.7545326986246899,48.16150061038451,66,weekly_sma10,0
ADANIENSOL,2017-08-02,2017-08-07,130.195065,124.58767652511597,120.10687091510924,120.10687091510924,,45,5867.566091887501,5578.035775464774,-289.5303164227271,-4.93441934677194,493.5624654830506,-0.5866133198345284,37.19783505294533,4,weekly_sma10,0
TITAN,2017-09-12,2017-09-22,619.4667083268545,588.9045185149829,589.1991180740199,589.1991180740199,,14,8685.542717450828,8212.296264320947,-473.24645312988105,-5.448668765154344,473.2464531298797,-1.0000000000000029,45.37579576367859,9,stop,0
GODREJPROP,2017-12-01,2017-12-14,737.5452721821798,688.4378360468763,688.7822271604565,688.7822271604565,,9,6647.864310814079,6166.646613635255,-481.217697178824,-7.238681096363946,481.21769717882455,-0.9999999999999988,39.250771961092255,10,stop,0
TVSMOTOR,2017-11-23,2018-01-22,699.0443886276275,683.0026881713868,668.6607689668385,668.6607689668385,,14,9801.301372947966,9527.694577947817,-273.60679500014885,-2.7915353746321476,478.76608800522285,-0.5714832396340571,49.0229886127793,42,weekly_sma10,0
BIOCON,2018-05-29,2018-06-05,334.42424678193305,314.8039415776031,314.9614222887474,314.9614222887474,,23,7703.295312498438,7209.629920300444,-493.66539219799415,-6.408496262593389,493.665392197994,-1.0000000000000004,42.398372498404,6,stop,0
LTM,2018-07-10,2018-08-06,1528.7535072671462,1500.3838499913131,1444.4598407294095,1444.4598407294095,,5,7655.233187640235,7470.666371081631,-184.56681655860393,-2.4109888233920356,467.37316567607877,-0.3949024679061725,42.718530179438446,20,weekly_sma10,0
JUBLFOOD,2018-03-15,2018-09-10,207.0527917566206,275.1996356478975,194.56162101489474,194.56162101489474,,35,7257.717983048944,9597.539266804899,2339.821283755955,32.23907692777288,481.6754537561181,4.857671831748879,45.3182524387372,123,weekly_sma10,0
DIVISLAB,2020-09-21,2020-09-21,3240.5543578054776,3050.219782200532,3051.745655028046,3051.745655028046,,2,6490.830378684372,6071.288905054463,-419.541473629909,-6.463602484632267,419.541473629909,-1.0,38.87232242001803,1,stop,0
NAUKRI,2020-08-10,2021-02-01,649.1057107588467,859.1114689281264,602.272391838056,602.272391838056,,9,5850.714323924865,7700.405215522609,1849.6908915977438,31.614787343725677,461.09963509679994,4.011477673820829,40.36093192577414,122,weekly_sma10,0
HINDZINC,2021-03-08,2021-03-18,205.78988557120314,189.14344685462785,189.23806588757162,189.23806588757162,,28,5770.759971187679,5268.072487161686,-502.6874840259934,-8.710940786583008,502.68748402599283,-1.000000000000001,36.587199961884906,8,stop,0
TECHM,2021-04-08,2021-04-13,856.1819527169108,807.4019050271032,807.8058079310687,807.8058079310687,,9,7717.196030813876,7235.717219526064,-481.4788112878123,-6.2390382383099094,481.4788112878125,-0.9999999999999996,42.458382079544194,4,stop,0
JINDALSTEL,2021-04-01,2021-05-31,349.75422554111674,389.39185076198595,320.40884988009327,320.40884988009327,,15,5254.182853191426,5812.116444787645,557.9335915962192,10.618846111481,477.65876588686893,1.1680589396497394,36.63078671681981,39,weekly_sma10,0
APOLLOHOSP,2021-06-03,2021-06-17,3354.283546235958,3184.706876512401,3186.3000265256637,3186.3000265256637,,2,6718.6299431106245,6339.859632395265,-378.7703107153593,-5.637612339458517,378.7703107153593,-1.0,39.61697126824508,11,stop,0
OBEROIRLTY,2021-08-02,2021-08-11,713.0704580040032,658.989294845224,659.3189543223851,659.3189543223851,,9,6427.260573219082,5902.007298126606,-525.2532750924765,-8.17227291641304,525.253275092477,-0.9999999999999991,38.522806663464564,8,stop,0
MFSL,2021-05-04,2021-08-23,911.1150798749999,1039.530023803711,851.4600659685948,851.4600659685948,,7,6387.372267463687,7245.7951013760385,858.422833912351,13.43937378262776,459.0677764417371,1.8699261371949036,40.48177358862647,77,weekly_sma10,0
CUMMINSIND,2021-08-09,2021-10-04,846.4118589971035,854.0769943034703,800.8223953749996,800.8223953749996,,10,8476.814767855993,8507.958788120151,31.144020264158826,0.36740239249130086,504.6012558455311,0.061720060945890026,45.50733279950861,39,weekly_sma10,0
BAJFINANCE,2021-06-01,2021-11-01,560.6426942113807,724.1754868968643,528.34217770116,528.34217770116,,14,7860.7712155377685,10103.249131331266,2242.4779157934972,28.527454295590836,498.7687611042934,4.496027198713416,46.981181803273145,106,weekly_sma10,0
VEDL,2021-10-12,2021-11-18,159.20617269712787,148.87709275787284,148.95156854214392,148.95156854214392,,48,7653.3591338963315,7115.38130169933,-537.9778321970016,-7.029303378882687,537.9778321970016,-1.0,42.18199511276005,26,stop,0
NATIONALUM,2021-10-04,2021-11-22,80.13410121864669,75.06366409562851,73.04059262089726,73.04059262089726,,70,5617.801165933227,5226.574801963955,-391.2263639692719,-6.964047897275153,535.1815308062311,-0.7310161906744127,36.295765357998896,33,weekly_sma10,0
PERSISTENT,2021-05-03,2021-11-29,1009.9086908552938,1828.6272455795777,928.3022580799143,928.3022580799143,,5,5057.117769457884,9109.421523556042,4052.3037540981586,80.13069773798367,444.8860205056434,9.10863359898888,41.28901952326154,144,weekly_sma10,0
NATIONALUM,2022-04-11,2022-04-12,105.49650197232397,97.40652060082094,97.4552482249334,97.4552482249334,,61,6444.93955024223,5912.885060015103,-532.0544902271276,-8.255383717402449,532.0544902271279,-0.9999999999999996,38.565626565442756,2,stop,0
VEDL,2022-03-07,2022-05-09,204.68250774543574,211.80729174921225,188.55069394164127,188.55069394164127,,30,6149.685945211617,6324.687424347653,175.00147913603632,2.8456978241677406,524.4739262082633,0.3336705037011602,38.74204097725916,42,weekly_sma10,0
POWERINDIA,2022-07-18,2022-07-20,3651.259907778847,3404.4950522587546,3406.1981513344217,3406.1981513344217,,1,3656.7367976405153,3379.3883096803665,-277.34848796014876,-7.584589849045357,277.34848796014876,-1.0,30.5836324400564,3,stop,0
VBL,2022-11-30,2023-01-13,244.50862686956344,226.32791250204335,226.4411330685776,226.4411330685776,,26,6366.760135056563,5855.698936465547,-511.06119859101545,-8.027021400995109,511.0611985910152,-1.0000000000000004,38.36262503549266,33,stop,0
KPITTECH,2023-09-01,2023-09-13,1158.5079018484093,1091.5999621265419,1092.146035144114,1092.146035144114,,7,8121.719645908274,7609.737935283465,-511.98171062480924,-6.303858455428781,511.98171062481083,-0.9999999999999969,43.62613257173699,9,stop,0
INDIANB,2023-09-18,2023-11-13,390.7427996694384,391.92191082777765,366.229180661551,366.229180661551,,19,7435.249363509909,7415.346531269184,-19.90283224072482,-0.26768210812675985,510.80642103975316,-0.03896355139822311,42.30594424917066,38,weekly_sma10,0
IRFC,2023-12-11,2024-04-01,75.94691791255293,140.19699341248622,71.40912348287091,71.40912348287091,,105,7986.388020389285,14678.603281848587,6692.215261459302,83.79526820352388,523.420347150767,12.785546641219248,54.04266603369366,75,weekly_sma10,0
PNB,2024-04-29,2024-05-06,129.27650324552005,121.59371131093822,121.65453858022832,121.65453858022832,,67,8674.518006026019,8114.558489846112,-559.959516179907,-6.45522340020407,559.959516179906,-1.0000000000000018,45.21245656292406,5,stop,0
COALINDIA,2024-05-03,2024-05-10,397.6706315960836,377.7019182499401,377.89086368178096,377.89086368178096,,25,9956.678438586943,9408.384134314128,-548.2943042728148,-5.506799357383174,548.294304272812,-1.0000000000000049,49.07647061922589,6,stop,0
GODREJPROP,2024-05-06,2024-05-13,2782.539278480847,2614.32832258247,2615.6361406527963,2615.6361406527963,,3,8360.139262195706,7811.220490295788,-548.9187718999174,-6.565904642068718,548.918771899916,-1.0000000000000024,44.28590420478493,6,stop,0
SIEMENS,2024-07-08,2024-07-16,4620.668582913495,4333.385268527892,4335.553045050417,4335.553045050417,,1,4627.599585787865,4306.8851906251,-320.71439516276496,-6.9304698735761985,320.71439516276496,-1.0,33.43108077716208,7,stop,0
GODFRYPHLP,2024-07-25,2024-08-05,1437.9544507022206,1304.718243474663,1305.3709289391325,1305.3709289391325,,3,4320.334147134822,3888.2834983283537,-432.0506488064684,-10.000398906482676,432.0506488064684,-1.0,32.34202712379598,8,stop,0
DIXON,2024-03-26,2024-09-09,7235.477156682882,12015.081499585205,6823.410776562248,6823.410776562248,,1,7246.330372417907,11977.058877335829,4730.728504917922,65.28447175034616,456.5612998507004,10.361650246012776,48.87583798440213,112,weekly_sma10,0
NATIONALUM,2024-09-24,2024-12-16,170.29787388266837,211.52194435100606,159.15284547952868,159.15284547952868,,46,7845.45275190065,9695.41442598606,1849.9616740854108,23.580049903904357,559.058430853278,3.3090667665307487,46.34556745812354,57,weekly_sma10,0
TRENT,2025-01-01,2025-01-08,7136.042431977503,6691.397596918472,6694.744969403173,6694.744969403173,,1,7146.74649562547,6661.360500523095,-485.3859951023751,-6.7917057838763455,485.3859951023751,-1.0,40.74116004334397,6,stop,0
